Coolant,RPM,Tool Number,Spindle Load,Power On Time,Timestamp
2883,5903,4,87,100042,2023-02-14 15:29:57.703466
2886,1925,4,64,100071,2023-02-14 15:30:00.236181
2960,11357,4,82,100038,2023-02-14 15:30:02.777428
2907,7545,4,125,100056,2023-02-14 15:30:05.311325
2876,511,4,146,100000,2023-02-14 15:30:07.843027
2912,7976,4,69,100059,2023-02-14 15:30:10.382651
2821,1329,4,59,100026,2023-02-14 15:30:12.924230
2924,11093,4,29,100046,2023-02-14 15:30:15.450293
2892,2603,4,28,100072,2023-02-14 15:30:17.980548
2925,10678,4,99,100083,2023-02-14 15:30:20.523056
2839,10965,4,116,100054,2023-02-14 15:30:23.050249
2972,6024,4,117,100005,2023-02-14 15:30:25.590447
2928,8221,4,133,100076,2023-02-14 15:30:28.126813
2946,5272,4,6,100055,2023-02-14 15:30:30.652527
2932,9323,4,103,100020,2023-02-14 15:30:33.197159
2832,768,4,7,100096,2023-02-14 15:30:35.725388
2944,6965,4,83,100079,2023-02-14 15:30:38.261263
2831,3928,4,47,100073,2023-02-14 15:30:40.802156
2826,4359,4,150,100057,2023-02-14 15:30:43.328927
2925,6856,4,54,100095,2023-02-14 15:30:45.856436
2863,8484,4,59,100000,2023-02-14 15:30:48.392692
2805,3964,4,48,100059,2023-02-14 15:30:50.918789
2808,9765,4,144,100029,2023-02-14 15:30:53.445729
2969,10105,4,103,100079,2023-02-14 15:30:55.972170
2837,4934,4,110,100057,2023-02-14 15:30:58.503667
2833,3775,4,84,100084,2023-02-14 15:31:01.030177
2863,9815,4,147,100000,2023-02-14 15:31:03.572188
2929,1417,4,103,100079,2023-02-14 15:31:06.101020
2990,7703,4,125,100071,2023-02-14 15:31:08.631040
2974,4886,4,39,100055,2023-02-14 15:31:11.165264
2849,5781,4,95,100071,2023-02-14 15:31:13.692391
2856,9230,4,61,100010,2023-02-14 15:31:16.225811
2869,11496,4,122,100015,2023-02-14 15:31:18.764123
2897,817,4,1,100097,2023-02-14 15:31:21.290962
2913,4614,4,16,100090,2023-02-14 15:31:23.823720
2934,5079,4,41,100070,2023-02-14 15:31:26.367430
2982,2039,4,84,100058,2023-02-14 15:31:28.896521
2883,11088,4,7,100032,2023-02-14 15:31:31.425573
2872,8763,4,87,100011,2023-02-14 15:31:33.968995
2996,5613,4,0,100031,2023-02-14 15:31:36.496408
2890,2689,4,43,100039,2023-02-14 15:31:39.026811
2843,4125,4,73,100033,2023-02-14 15:31:41.567103
2828,524,4,106,100056,2023-02-14 15:31:44.096424
2844,4903,4,67,100076,2023-02-14 15:31:46.625798
2941,11018,4,65,100081,2023-02-14 15:31:49.171807
2961,3018,4,118,100020,2023-02-14 15:31:51.699941
2850,8632,4,102,100057,2023-02-14 15:31:54.243535
2900,10756,4,62,100095,2023-02-14 15:31:56.775705
2878,10151,4,47,100044,2023-02-14 15:31:59.314082
2912,7856,4,32,100010,2023-02-14 15:32:01.852857
2810,9062,4,125,100041,2023-02-14 15:32:04.402357
2835,6422,4,7,100078,2023-02-14 15:32:06.930010
2978,11543,4,71,100017,2023-02-14 15:32:09.458688
2826,8472,4,128,100069,2023-02-14 15:32:11.998144
2893,9548,4,132,100091,2023-02-14 15:32:14.530952
2974,4863,4,99,100002,2023-02-14 15:32:17.063732
2869,10387,4,3,100050,2023-02-14 15:32:19.617924
2958,10250,4,61,100068,2023-02-14 15:32:22.149511
2918,2994,4,121,100079,2023-02-14 15:32:24.681445
2858,1125,4,110,100024,2023-02-14 15:32:27.216885
2917,8640,4,47,100039,2023-02-14 15:32:29.746950
2872,4940,4,137,100081,2023-02-14 15:32:32.274295
2854,1264,4,139,100087,2023-02-14 15:32:34.818251
2905,10483,4,143,100089,2023-02-14 15:32:37.347149
2859,4744,4,13,100029,2023-02-14 15:32:39.879580
2847,298,4,45,100067,2023-02-14 15:32:42.417721
2839,2489,4,13,100095,2023-02-14 15:32:44.955792
2906,7768,4,74,100045,2023-02-14 15:32:47.484733
2988,650,4,126,100087,2023-02-14 15:32:50.034496
2881,4643,4,100,100072,2023-02-14 15:32:52.563009
2906,9989,4,38,100027,2023-02-14 15:32:55.100384
2822,11703,4,1,100075,2023-02-14 15:32:57.632352
2952,9613,4,5,100099,2023-02-14 15:33:00.170007
2932,1279,4,54,100047,2023-02-14 15:33:02.698473
2847,2849,4,33,100049,2023-02-14 15:33:05.242854
2882,11988,4,36,100038,2023-02-14 15:33:07.772351
2876,9430,4,102,100006,2023-02-14 15:33:10.301955
2933,1925,4,38,100056,2023-02-14 15:33:12.830828
2949,721,4,29,100095,2023-02-14 15:33:15.366338
2970,4488,4,119,100042,2023-02-14 15:33:17.900131
2836,3519,4,40,100076,2023-02-14 15:33:20.455935
2928,3819,4,134,100062,2023-02-14 15:33:22.984385
2807,1967,4,76,100084,2023-02-14 15:33:25.523367
2863,9878,4,117,100083,2023-02-14 15:33:28.057486
2926,9745,4,66,100092,2023-02-14 15:33:30.614105
2948,10538,4,82,100038,2023-02-14 15:33:33.158507
2823,1208,4,121,100022,2023-02-14 15:33:35.699414
2877,2556,4,19,100008,2023-02-14 15:33:38.229994
2801,1028,4,65,100089,2023-02-14 15:33:40.776493
2999,7844,4,70,100031,2023-02-14 15:33:43.305912
2929,11599,4,146,100090,2023-02-14 15:33:45.846836
2956,1946,4,84,100013,2023-02-14 15:33:48.376995
2872,8941,4,32,100048,2023-02-14 15:33:50.908123
2886,11614,4,10,100088,2023-02-14 15:33:53.439219
2979,11534,4,62,100097,2023-02-14 15:33:55.971453
2981,1463,4,64,100021,2023-02-14 15:33:58.520144
2896,8882,4,118,100025,2023-02-14 15:34:01.070955
2988,11678,4,129,100046,2023-02-14 15:34:03.622492
2845,5023,4,66,100038,2023-02-14 15:34:06.155337
2929,3236,4,36,100034,2023-02-14 15:34:08.687147
2891,4883,4,102,100021,2023-02-14 15:34:11.242912
2887,6086,4,38,100082,2023-02-14 15:34:13.772605
2852,6993,4,24,100045,2023-02-14 15:34:16.331446
2840,3919,4,3,100022,2023-02-14 15:34:18.881965
2933,3512,4,134,100074,2023-02-14 15:34:21.417326
2856,2190,4,52,100094,2023-02-14 15:34:23.947838
2909,7695,4,22,100055,2023-02-14 15:34:26.503118
2803,11544,4,115,100054,2023-02-14 15:34:29.033072
2879,2698,4,8,100075,2023-02-14 15:34:31.578349
2970,6040,4,3,100005,2023-02-14 15:34:34.121885
2800,3505,4,147,100040,2023-02-14 15:34:36.663683
2927,635,4,57,100020,2023-02-14 15:34:39.195310
2928,6134,4,15,100054,2023-02-14 15:34:41.752493
3000,6109,4,74,100077,2023-02-14 15:34:44.297043
2991,4923,4,62,100087,2023-02-14 15:34:46.844804
2911,9625,4,140,100034,2023-02-14 15:34:49.374815
2897,1132,4,132,100051,2023-02-14 15:34:51.917190
2955,6320,4,109,100020,2023-02-14 15:34:54.467397
2887,11033,4,110,100060,2023-02-14 15:34:56.997603
2876,5421,4,64,100023,2023-02-14 15:34:59.528239
2928,11311,4,100,100085,2023-02-14 15:35:02.071575
2837,8158,4,126,100040,2023-02-14 15:35:04.606348
2919,1981,4,84,100049,2023-02-14 15:35:07.147079
2894,6415,4,91,100051,2023-02-14 15:35:09.694021
2858,386,4,83,100076,2023-02-14 15:35:12.242560
2813,9302,4,105,100000,2023-02-14 15:35:14.782837
2905,10553,4,13,100043,2023-02-14 15:35:17.315935
2825,2973,4,98,100074,2023-02-14 15:35:19.858422
2872,896,4,119,100014,2023-02-14 15:35:22.391071
2902,5260,4,125,100081,2023-02-14 15:35:24.934267
2989,8562,4,148,100032,2023-02-14 15:35:27.482963
2986,175,4,129,100085,2023-02-14 15:35:30.033475
2958,306,4,43,100088,2023-02-14 15:35:32.572900
2801,2406,4,64,100031,2023-02-14 15:35:35.105100
2824,1842,4,31,100026,2023-02-14 15:35:37.661420
2961,2076,4,146,100071,2023-02-14 15:35:40.203075
2994,797,4,48,100027,2023-02-14 15:35:42.746055
2803,10981,4,82,100006,2023-02-14 15:35:45.278062
2909,4906,4,39,100026,2023-02-14 15:35:47.826162
2997,1290,4,41,100056,2023-02-14 15:35:50.369928
2842,7851,4,74,100001,2023-02-14 15:35:52.914389
2938,8328,4,23,100075,2023-02-14 15:35:55.448892
2955,11198,4,22,100096,2023-02-14 15:35:58.007738
2995,7366,4,34,100018,2023-02-14 15:36:00.548530
2933,7185,4,53,100046,2023-02-14 15:36:03.089984
2859,5263,4,111,100004,2023-02-14 15:36:05.624252
2817,3983,4,18,100071,2023-02-14 15:36:08.181400
2952,3754,4,111,100039,2023-02-14 15:36:10.735565
2871,9920,4,134,100070,2023-02-14 15:36:13.283443
2975,6640,4,48,100043,2023-02-14 15:36:15.818093
2820,4397,4,16,100043,2023-02-14 15:36:18.385828
2922,2149,4,76,100006,2023-02-14 15:36:20.936822
2958,11416,4,4,100030,2023-02-14 15:36:23.484956
2970,9842,4,65,100028,2023-02-14 15:36:26.040397
2887,7114,4,127,100098,2023-02-14 15:36:28.589577
2897,8868,4,2,100055,2023-02-14 15:36:31.123415
2894,11466,4,87,100077,2023-02-14 15:36:33.663412
2912,658,4,70,100095,2023-02-14 15:36:36.200680
2865,1033,4,112,100017,2023-02-14 15:36:38.744511
2954,6036,4,101,100043,2023-02-14 15:36:41.299177
2840,10235,4,130,100089,2023-02-14 15:36:43.830150
2949,9244,4,58,100085,2023-02-14 15:36:46.365275
2999,3280,4,122,100095,2023-02-14 15:36:48.929433
2904,7500,4,21,100059,2023-02-14 15:36:51.460673
2818,4707,4,134,100029,2023-02-14 15:36:53.999082
2872,10635,4,94,100068,2023-02-14 15:36:56.544602
2929,3172,4,149,100053,2023-02-14 15:36:59.086991
2979,8014,4,141,100011,2023-02-14 15:37:01.621313
2908,1696,4,3,100071,2023-02-14 15:37:04.175469
2912,5202,4,71,100003,2023-02-14 15:37:06.709188
2962,4854,4,19,100029,2023-02-14 15:37:09.250568
2921,453,4,74,100034,2023-02-14 15:37:11.800843
2905,6313,4,22,100084,2023-02-14 15:37:14.340074
2822,1824,4,91,100053,2023-02-14 15:37:16.873567
2918,11754,4,142,100032,2023-02-14 15:37:19.436341
2930,4531,4,48,100009,2023-02-14 15:37:21.968638
2853,10581,4,35,100099,2023-02-14 15:37:24.504261
2988,8067,4,69,100055,2023-02-14 15:37:27.050920
2921,5165,4,70,100070,2023-02-14 15:37:29.582271
2996,7499,4,57,100028,2023-02-14 15:37:32.116359
2954,8350,4,26,100092,2023-02-14 15:37:34.663891
2994,8489,4,30,100044,2023-02-14 15:37:37.197407
2934,2362,4,103,100063,2023-02-14 15:37:39.732953
2827,2937,4,4,100053,2023-02-14 15:37:42.282839
2912,5521,4,145,100019,2023-02-14 15:37:44.821040
2984,5945,4,101,100087,2023-02-14 15:37:47.355865
2853,7955,4,39,100076,2023-02-14 15:37:49.919510
2841,868,4,144,100007,2023-02-14 15:37:52.453086
2881,11885,4,33,100052,2023-02-14 15:37:54.986928
2908,3658,4,57,100098,2023-02-14 15:37:57.542654
2901,3905,4,33,100034,2023-02-14 15:38:00.085862
2999,5329,4,36,100025,2023-02-14 15:38:02.619078
2835,5446,4,92,100028,2023-02-14 15:38:05.182492
2894,7238,4,56,100019,2023-02-14 15:38:07.714173
2875,2806,4,131,100080,2023-02-14 15:38:10.255526
2873,10702,4,86,100038,2023-02-14 15:38:12.806639
2932,5832,4,22,100091,2023-02-14 15:38:15.345774
2803,4548,4,78,100071,2023-02-14 15:38:17.900276
2842,1331,4,25,100041,2023-02-14 15:38:20.461985
2889,2876,4,150,100095,2023-02-14 15:38:23.001473
2995,8586,4,48,100017,2023-02-14 15:38:25.564267
2974,2205,4,14,100068,2023-02-14 15:38:28.111397
2925,2157,4,70,100052,2023-02-14 15:38:30.654475
2904,5138,4,138,100095,2023-02-14 15:38:33.188685
2804,11950,4,138,100038,2023-02-14 15:38:35.758117
2950,5824,4,8,100035,2023-02-14 15:38:38.293841
2952,814,4,40,100001,2023-02-14 15:38:40.838343
2927,1403,4,84,100053,2023-02-14 15:38:43.373448
2803,4244,4,42,100032,2023-02-14 15:38:45.907713
2943,3222,4,18,100058,2023-02-14 15:38:48.449680
2887,5583,4,114,100075,2023-02-14 15:38:50.990767
2993,5237,4,132,100042,2023-02-14 15:38:53.526151
2859,6512,4,71,100075,2023-02-14 15:38:56.087104
2817,11742,4,110,100008,2023-02-14 15:38:58.623311
2985,2861,4,67,100045,2023-02-14 15:39:01.171304
2931,8493,4,110,100043,2023-02-14 15:39:03.719849
2909,6712,4,55,100048,2023-02-14 15:39:06.267195
2876,6045,4,36,100050,2023-02-14 15:39:08.807611
2895,9282,4,105,100062,2023-02-14 15:39:11.378480
2999,2775,4,122,100046,2023-02-14 15:39:13.919528
2988,11803,4,29,100048,2023-02-14 15:39:16.459954
2933,10745,4,20,100018,2023-02-14 15:39:18.993236
2846,1555,4,127,100044,2023-02-14 15:39:21.536048
2887,11152,4,33,100007,2023-02-14 15:39:24.070331
2875,7949,4,143,100034,2023-02-14 15:39:26.617855
2845,8310,4,124,100071,2023-02-14 15:39:29.152414
2941,1350,4,53,100086,2023-02-14 15:39:31.708769
2990,11716,4,128,100075,2023-02-14 15:39:34.244984
2911,10698,4,4,100078,2023-02-14 15:39:36.780037
2826,11614,4,82,100087,2023-02-14 15:39:39.318323
2811,2277,4,129,100058,2023-02-14 15:39:41.862771
2800,4319,4,94,100053,2023-02-14 15:39:44.397155
2938,673,4,105,100008,2023-02-14 15:39:46.949363
2986,436,4,34,100068,2023-02-14 15:39:49.492346
2941,11097,4,116,100059,2023-02-14 15:39:52.030655
2880,10041,4,50,100050,2023-02-14 15:39:54.580223
2842,11226,4,95,100096,2023-02-14 15:39:57.127266
2849,4289,4,129,100077,2023-02-14 15:39:59.681900
2844,9622,4,16,100041,2023-02-14 15:40:02.251748
2928,5078,4,95,100077,2023-02-14 15:40:04.787254
2953,6788,4,148,100068,2023-02-14 15:40:07.356838
2966,2917,4,110,100099,2023-02-14 15:40:09.891695
2818,10092,4,98,100055,2023-02-14 15:40:12.435770
2812,6662,4,93,100098,2023-02-14 15:40:14.987815
2878,1481,4,48,100092,2023-02-14 15:40:17.523094
2883,5320,4,95,100038,2023-02-14 15:40:20.058116
2888,9588,4,98,100063,2023-02-14 15:40:22.624790
2953,9677,4,103,100088,2023-02-14 15:40:25.165089
2970,2272,4,98,100003,2023-02-14 15:40:27.713416
2981,10209,4,67,100031,2023-02-14 15:40:30.273169
2854,5738,4,127,100047,2023-02-14 15:40:32.807788
2841,363,4,139,100060,2023-02-14 15:40:35.342945
2840,10856,4,84,100035,2023-02-14 15:40:37.901293
2925,10562,4,120,100095,2023-02-14 15:40:40.436389
2816,5173,4,60,100077,2023-02-14 15:40:42.973121
2803,2622,4,30,100053,2023-02-14 15:40:45.526922
2925,7442,4,31,100094,2023-02-14 15:40:48.082607
2899,10268,4,116,100010,2023-02-14 15:40:50.641501
2974,7636,4,120,100077,2023-02-14 15:40:53.206259
2963,2188,4,42,100080,2023-02-14 15:40:55.741890
2860,10885,4,16,100043,2023-02-14 15:40:58.286065
2838,5537,4,21,100092,2023-02-14 15:41:00.847452
2841,3793,4,140,100098,2023-02-14 15:41:03.383986
2930,6528,4,4,100009,2023-02-14 15:41:05.921081
2998,3537,4,69,100047,2023-02-14 15:41:08.459469
2991,9862,4,125,100059,2023-02-14 15:41:10.996551
2928,6867,4,141,100080,2023-02-14 15:41:13.533709
2995,7137,4,22,100025,2023-02-14 15:41:16.091865
2995,559,4,26,100008,2023-02-14 15:41:18.638860
2985,7722,4,95,100077,2023-02-14 15:41:21.198456
2838,9363,4,81,100021,2023-02-14 15:41:23.742257
2853,4247,4,19,100060,2023-02-14 15:41:26.278769
3000,4343,4,24,100090,2023-02-14 15:41:28.849997
2990,3071,4,19,100021,2023-02-14 15:41:31.386283
2899,8151,4,33,100031,2023-02-14 15:41:33.923594
2991,933,4,87,100052,2023-02-14 15:41:36.468808
2864,5648,4,86,100066,2023-02-14 15:41:39.024121
2855,2117,4,83,100007,2023-02-14 15:41:41.561677
2825,5406,4,109,100055,2023-02-14 15:41:44.131527
2907,453,4,118,100092,2023-02-14 15:41:46.669853
2954,3298,4,141,100059,2023-02-14 15:41:49.232656
2851,6363,4,146,100044,2023-02-14 15:41:51.793797
2897,11664,4,124,100092,2023-02-14 15:41:54.330897
2909,6436,4,17,100035,2023-02-14 15:41:56.869194
2952,8007,4,92,100025,2023-02-14 15:41:59.441059
2857,9742,4,126,100063,2023-02-14 15:42:01.976547
2849,10164,4,27,100043,2023-02-14 15:42:04.514833
2980,751,4,38,100088,2023-02-14 15:42:07.077022
2855,680,4,87,100075,2023-02-14 15:42:09.613416
2922,9954,4,8,100067,2023-02-14 15:42:12.151680
2819,3231,4,8,100075,2023-02-14 15:42:14.713120
2820,2605,4,121,100062,2023-02-14 15:42:17.249985
2916,6722,4,57,100021,2023-02-14 15:42:19.798788
2831,6211,4,89,100064,2023-02-14 15:42:22.355051
2916,939,4,113,100045,2023-02-14 15:42:24.892379
2922,6684,4,61,100014,2023-02-14 15:42:27.429830
2842,4550,4,41,100007,2023-02-14 15:42:29.991119
2892,3850,4,145,100011,2023-02-14 15:42:32.527417
2984,6786,4,55,100056,2023-02-14 15:42:35.072423
2836,11642,4,64,100039,2023-02-14 15:42:37.628431
2992,5321,4,142,100057,2023-02-14 15:42:40.176662
2850,10502,4,138,100047,2023-02-14 15:42:42.714132
2980,9569,4,38,100061,2023-02-14 15:42:45.260110
2957,45,4,38,100096,2023-02-14 15:42:47.798882
2949,8233,4,33,100057,2023-02-14 15:42:50.359470
2915,7572,4,100,100011,2023-02-14 15:42:52.897954
2897,6653,4,141,100037,2023-02-14 15:42:55.442501
2953,10000,4,8,100012,2023-02-14 15:42:57.986494
2826,404,4,19,100052,2023-02-14 15:43:00.543142
2998,1621,4,1,100093,2023-02-14 15:43:03.084877
2807,5268,4,143,100040,2023-02-14 15:43:05.641868
2886,10851,4,105,100000,2023-02-14 15:43:08.193514
2937,3196,4,148,100010,2023-02-14 15:43:10.741161
2820,3810,4,38,100027,2023-02-14 15:43:13.309519
2964,11524,4,69,100092,2023-02-14 15:43:15.855196
2817,3174,4,48,100098,2023-02-14 15:43:18.392748
2972,8841,4,75,100028,2023-02-14 15:43:20.958505
2950,6688,4,105,100093,2023-02-14 15:43:23.496313
2854,4033,4,98,100018,2023-02-14 15:43:26.035564
2951,5796,4,10,100048,2023-02-14 15:43:28.572820
2858,3852,4,0,100076,2023-02-14 15:43:31.137055
2867,2110,4,114,100026,2023-02-14 15:43:33.675856
2971,10566,4,15,100087,2023-02-14 15:43:36.238196
2830,2862,4,11,100079,2023-02-14 15:43:38.776554
2857,4278,4,135,100015,2023-02-14 15:43:41.355424
2853,11489,4,111,100022,2023-02-14 15:43:43.896988
2848,8564,4,116,100098,2023-02-14 15:43:46.462105
2858,7183,4,119,100087,2023-02-14 15:43:49.018890
2956,3151,4,26,100019,2023-02-14 15:43:51.558212
2962,8817,4,53,100084,2023-02-14 15:43:54.099916
2896,2182,4,97,100053,2023-02-14 15:43:56.666106
2835,9838,4,129,100050,2023-02-14 15:43:59.208640
2947,5798,4,89,100089,2023-02-14 15:44:01.757361
2837,6400,4,82,100044,2023-02-14 15:44:04.316106
2990,11059,4,130,100094,2023-02-14 15:44:06.861840
2878,10303,4,32,100095,2023-02-14 15:44:09.404127
2956,5036,4,58,100086,2023-02-14 15:44:11.971941
2886,1598,4,20,100052,2023-02-14 15:44:14.510390
2898,2764,4,76,100086,2023-02-14 15:44:17.083359
2870,2093,4,77,100083,2023-02-14 15:44:19.625002
2965,2130,4,61,100090,2023-02-14 15:44:22.176699
2967,11692,4,11,100063,2023-02-14 15:44:24.743738
2977,10538,4,84,100060,2023-02-14 15:44:27.289299
2832,2515,4,90,100029,2023-02-14 15:44:29.828201
2939,3552,4,76,100009,2023-02-14 15:44:32.403721
2927,3768,4,124,100039,2023-02-14 15:44:34.944258
2860,195,4,95,100008,2023-02-14 15:44:37.512649
2910,5428,4,143,100033,2023-02-14 15:44:40.074363
2871,2462,4,116,100006,2023-02-14 15:44:42.625726
2931,3916,4,102,100081,2023-02-14 15:44:45.185451
2975,7951,4,75,100035,2023-02-14 15:44:47.725990
2953,7073,4,85,100031,2023-02-14 15:44:50.267180
2841,11551,4,97,100070,2023-02-14 15:44:52.854910
2918,8660,4,72,100090,2023-02-14 15:44:55.394416
2955,11795,4,113,100047,2023-02-14 15:44:57.941208
2931,8627,4,138,100051,2023-02-14 15:45:00.502462
2891,6378,4,102,100087,2023-02-14 15:45:03.053116
2922,8331,4,17,100028,2023-02-14 15:45:05.610483
2844,8941,4,59,100033,2023-02-14 15:45:08.178972
2934,5158,4,93,100006,2023-02-14 15:45:10.732945
2912,3063,4,26,100100,2023-02-14 15:45:13.301722
2998,9655,4,83,100013,2023-02-14 15:45:15.841999
2932,4236,4,21,100098,2023-02-14 15:45:18.392838
2970,179,4,6,100027,2023-02-14 15:45:20.932961
2951,4918,4,74,100042,2023-02-14 15:45:23.472435
2816,2128,4,59,100026,2023-02-14 15:45:26.013178
2887,5170,4,55,100094,2023-02-14 15:45:28.592865
2810,9085,4,21,100041,2023-02-14 15:45:31.133141
2848,8202,4,29,100029,2023-02-14 15:45:33.718261
2956,6929,4,62,100016,2023-02-14 15:45:36.259230
2850,3308,4,71,100073,2023-02-14 15:45:38.814506
2888,3155,4,3,100083,2023-02-14 15:45:41.358539
2867,3577,4,74,100041,2023-02-14 15:45:43.926913
2843,2814,4,3,100078,2023-02-14 15:45:46.467356
2815,762,4,51,100023,2023-02-14 15:45:49.041994
2897,3626,4,124,100098,2023-02-14 15:45:51.603751
2861,11284,4,35,100077,2023-02-14 15:45:54.169012
2870,6816,4,86,100047,2023-02-14 15:45:56.709986
2892,6196,4,22,100087,2023-02-14 15:45:59.289091
2930,10476,4,138,100098,2023-02-14 15:46:01.830289
2894,9893,4,122,100060,2023-02-14 15:46:04.378464
2828,5034,4,113,100061,2023-02-14 15:46:06.941583
2923,513,4,98,100057,2023-02-14 15:46:09.513445
2815,9681,4,85,100083,2023-02-14 15:46:12.056908
2971,6775,4,25,100091,2023-02-14 15:46:14.610639
2900,947,4,92,100001,2023-02-14 15:46:17.180743
2881,7472,4,42,100057,2023-02-14 15:46:19.729295
2965,1018,4,127,100012,2023-02-14 15:46:22.272728
2858,11871,4,89,100050,2023-02-14 15:46:24.852854
2996,8733,4,132,100028,2023-02-14 15:46:27.394807
2890,9463,4,127,100094,2023-02-14 15:46:29.945472
2808,1233,4,17,100062,2023-02-14 15:46:32.513268
2863,11094,4,84,100047,2023-02-14 15:46:35.084496
2866,5299,4,125,100052,2023-02-14 15:46:37.654633
2807,7780,4,128,100071,2023-02-14 15:46:40.212392
2972,3448,4,55,100100,2023-02-14 15:46:42.764751
2853,1567,4,38,100004,2023-02-14 15:46:45.333363
2807,4513,4,104,100052,2023-02-14 15:46:47.874517
2987,2847,4,65,100072,2023-02-14 15:46:50.436111
2883,9690,4,53,100025,2023-02-14 15:46:53.011646
2823,11801,4,82,100036,2023-02-14 15:46:55.565974
2925,10781,4,150,100038,2023-02-14 15:46:58.108797
2867,5694,4,29,100075,2023-02-14 15:47:00.658957
2932,11468,4,111,100027,2023-02-14 15:47:03.221184
2885,10062,4,5,100034,2023-02-14 15:47:05.794305
2808,8825,4,142,100074,2023-02-14 15:47:08.335820
2830,1474,4,95,100089,2023-02-14 15:47:10.890122
2893,9563,4,32,100046,2023-02-14 15:47:13.445133
2878,2266,4,129,100026,2023-02-14 15:47:15.988678
2835,6133,4,109,100094,2023-02-14 15:47:18.531625
2985,8413,4,45,100077,2023-02-14 15:47:21.091924
2908,3783,4,125,100064,2023-02-14 15:47:23.635042
2968,11416,4,20,100085,2023-02-14 15:47:26.178833
2826,4469,4,69,100051,2023-02-14 15:47:28.749757
2840,10179,4,69,100080,2023-02-14 15:47:31.307276
2933,4554,4,50,100091,2023-02-14 15:47:33.849373
2984,1302,4,85,100012,2023-02-14 15:47:36.431538
2849,5786,4,86,100096,2023-02-14 15:47:38.975064
2819,8909,4,121,100098,2023-02-14 15:47:41.528635
2926,7402,4,138,100049,2023-02-14 15:47:44.101879
2822,7786,4,36,100061,2023-02-14 15:47:46.650421
2889,4595,4,71,100011,2023-02-14 15:47:49.194005
2974,427,4,130,100078,2023-02-14 15:47:51.766650
2824,9323,4,46,100012,2023-02-14 15:47:54.310673
2965,7488,4,68,100091,2023-02-14 15:47:56.863143
2924,4415,4,70,100082,2023-02-14 15:47:59.431817
2962,4433,4,137,100059,2023-02-14 15:48:01.984939
2815,2613,4,36,100018,2023-02-14 15:48:04.529985
2873,986,4,19,100043,2023-02-14 15:48:07.112384
2819,9783,4,47,100059,2023-02-14 15:48:09.656093
2899,495,4,28,100034,2023-02-14 15:48:12.233739
2947,681,4,122,100089,2023-02-14 15:48:14.789057
2933,1442,4,119,100037,2023-02-14 15:48:17.366082
2950,5537,4,9,100057,2023-02-14 15:48:19.929440
2890,10892,4,132,100093,2023-02-14 15:48:22.485159
2916,11050,4,131,100098,2023-02-14 15:48:25.067228
2957,2624,4,149,100065,2023-02-14 15:48:27.638645
2994,6683,4,106,100021,2023-02-14 15:48:30.182866
2972,1637,4,108,100070,2023-02-14 15:48:32.766762
2896,8599,4,39,100073,2023-02-14 15:48:35.310465
2948,9723,4,86,100009,2023-02-14 15:48:37.860106
2880,358,4,123,100033,2023-02-14 15:48:40.423858
2925,3374,4,26,100091,2023-02-14 15:48:42.979842
2890,8944,4,0,100036,2023-02-14 15:48:45.525706
2995,3299,4,69,100074,2023-02-14 15:48:48.074539
2997,11045,4,39,100034,2023-02-14 15:48:50.642916
2918,6742,4,97,100042,2023-02-14 15:48:53.196442
2921,3197,4,114,100058,2023-02-14 15:48:55.756054
2942,2013,4,24,100100,2023-02-14 15:48:58.304672
2810,587,4,49,100080,2023-02-14 15:49:00.854576
2898,8553,4,37,100002,2023-02-14 15:49:03.431187
2862,5775,4,60,100082,2023-02-14 15:49:05.974236
2995,10616,4,22,100037,2023-02-14 15:49:08.525971
2963,6588,4,21,100044,2023-02-14 15:49:11.085517
2853,2547,4,13,100032,2023-02-14 15:49:13.638611
2913,9149,4,62,100094,2023-02-14 15:49:16.182973
2941,2735,4,18,100008,2023-02-14 15:49:18.763960
2853,3631,4,67,100002,2023-02-14 15:49:21.310634
2824,4177,4,83,100006,2023-02-14 15:49:23.868456
2804,3527,4,134,100066,2023-02-14 15:49:26.444492
2854,697,4,86,100068,2023-02-14 15:49:28.995311
2972,6836,4,1,100017,2023-02-14 15:49:31.540674
2815,3016,4,35,100099,2023-02-14 15:49:34.117361
2960,5882,4,116,100026,2023-02-14 15:49:36.662393
2829,2659,4,48,100039,2023-02-14 15:49:39.210181
2813,5520,4,4,100084,2023-02-14 15:49:41.779370
2816,81,4,14,100036,2023-02-14 15:49:44.333874
2997,11044,4,4,100046,2023-02-14 15:49:46.879406
2891,6832,4,4,100027,2023-02-14 15:49:49.461616
2962,280,4,121,100094,2023-02-14 15:49:52.007549
2933,10176,4,107,100082,2023-02-14 15:49:54.562918
2910,3522,4,146,100056,2023-02-14 15:49:57.139213
2864,269,4,68,100020,2023-02-14 15:49:59.689520
2987,11442,4,37,100027,2023-02-14 15:50:02.254052
2830,6350,4,18,100020,2023-02-14 15:50:04.822905
2967,4692,4,30,100026,2023-02-14 15:50:07.367842
2886,461,4,106,100048,2023-02-14 15:50:09.935273
2914,4056,4,138,100066,2023-02-14 15:50:12.485650
2846,6470,4,59,100093,2023-02-14 15:50:15.032887
2879,5376,4,141,100054,2023-02-14 15:50:17.597018
2909,4849,4,98,100076,2023-02-14 15:50:20.159300
2948,3826,4,149,100087,2023-02-14 15:50:22.735607
2962,3806,4,65,100083,2023-02-14 15:50:25.309500
2841,229,4,148,100015,2023-02-14 15:50:27.862732
2980,5050,4,96,100060,2023-02-14 15:50:30.444492
2854,11462,4,58,100055,2023-02-14 15:50:32.999363
2953,2703,4,124,100019,2023-02-14 15:50:35.544274
2927,11657,4,70,100082,2023-02-14 15:50:38.089626
2862,7502,4,37,100032,2023-02-14 15:50:40.635432
2802,6213,4,17,100084,2023-02-14 15:50:43.187502
2943,9577,4,136,100090,2023-02-14 15:50:45.754825
2973,10561,4,124,100021,2023-02-14 15:50:48.304715
2890,11288,4,65,100016,2023-02-14 15:50:50.852382
2893,8397,4,12,100074,2023-02-14 15:50:53.421255
2923,8196,4,24,100064,2023-02-14 15:50:55.970778
2870,3380,4,25,100055,2023-02-14 15:50:58.516436
2908,10351,4,67,100057,2023-02-14 15:51:01.062955
2888,5081,4,53,100091,2023-02-14 15:51:03.642720
2962,10276,4,41,100042,2023-02-14 15:51:06.189213
2961,6688,4,79,100090,2023-02-14 15:51:08.743054
2923,8598,4,115,100009,2023-02-14 15:51:11.316615
2990,4994,4,10,100071,2023-02-14 15:51:13.875370
2977,1216,4,56,100067,2023-02-14 15:51:16.423376
2852,8154,4,82,100024,2023-02-14 15:51:18.999714
2901,1993,4,73,100020,2023-02-14 15:51:21.548606
2993,6914,4,90,100024,2023-02-14 15:51:24.115596
2958,3007,4,19,100064,2023-02-14 15:51:26.662309
2856,2021,4,118,100060,2023-02-14 15:51:29.222162
2899,10378,4,125,100023,2023-02-14 15:51:31.801329
2911,3196,4,99,100027,2023-02-14 15:51:34.349442
2886,11296,4,66,100087,2023-02-14 15:51:36.914299
2929,460,4,56,100007,2023-02-14 15:51:39.468089
2841,2493,4,55,100053,2023-02-14 15:51:42.029620
2950,7878,4,24,100051,2023-02-14 15:51:44.605640
2834,6684,4,145,100053,2023-02-14 15:51:47.165393
2950,4407,4,9,100098,2023-02-14 15:51:49.753456
2975,5408,4,31,100069,2023-02-14 15:51:52.304090
2888,11363,4,43,100086,2023-02-14 15:51:54.861789
2854,1119,4,60,100075,2023-02-14 15:51:57.429860
2820,10012,4,97,100075,2023-02-14 15:51:59.991964
2934,5985,4,114,100013,2023-02-14 15:52:02.538891
2868,5188,4,6,100003,2023-02-14 15:52:05.119664
2904,10127,4,96,100043,2023-02-14 15:52:07.667347
2868,4022,4,111,100017,2023-02-14 15:52:10.224405
2830,11014,4,91,100053,2023-02-14 15:52:12.792368
2946,1705,4,125,100062,2023-02-14 15:52:15.354153
2854,43,4,133,100009,2023-02-14 15:52:17.903295
2926,1496,4,50,100073,2023-02-14 15:52:20.484245
2944,9037,4,123,100086,2023-02-14 15:52:23.032982
2832,5488,4,55,100007,2023-02-14 15:52:25.583733
2907,10974,4,5,100044,2023-02-14 15:52:28.167832
2903,6764,4,107,100011,2023-02-14 15:52:30.724752
2875,11689,4,11,100007,2023-02-14 15:52:33.298927
2848,5139,4,142,100058,2023-02-14 15:52:35.872565
2916,7309,4,80,100006,2023-02-14 15:52:38.420078
2838,4698,4,19,100088,2023-02-14 15:52:40.974818
2820,9141,4,63,100039,2023-02-14 15:52:43.526560
2901,1614,4,52,100087,2023-02-14 15:52:46.084737
2847,2155,4,3,100016,2023-02-14 15:52:48.659115
2953,11930,4,99,100037,2023-02-14 15:52:51.212761
2913,10027,4,52,100043,2023-02-14 15:52:53.762146
2967,5219,4,18,100025,2023-02-14 15:52:56.365301
2919,162,4,92,100072,2023-02-14 15:52:58.911768
2944,6771,4,120,100095,2023-02-14 15:53:01.470208
2857,10161,4,93,100014,2023-02-14 15:53:04.052010
2872,9293,4,85,100040,2023-02-14 15:53:06.602736
2814,3381,4,25,100027,2023-02-14 15:53:09.152007
2902,1913,4,143,100054,2023-02-14 15:53:11.746371
2967,7582,4,113,100023,2023-02-14 15:53:14.298818
2889,10666,4,134,100085,2023-02-14 15:53:16.862556
2970,3120,4,40,100067,2023-02-14 15:53:19.421417
2904,11544,4,59,100009,2023-02-14 15:53:21.979481
2923,3341,4,147,100095,2023-02-14 15:53:24.542257
2900,6014,4,8,100011,2023-02-14 15:53:27.109542
2900,5161,4,127,100092,2023-02-14 15:53:29.657217
2950,9106,4,41,100030,2023-02-14 15:53:32.250451
2951,7376,4,31,100055,2023-02-14 15:53:34.800556
2929,5180,4,118,100024,2023-02-14 15:53:37.405210
2817,2843,4,0,100007,2023-02-14 15:53:39.954507
2909,6757,4,104,100053,2023-02-14 15:53:42.511703
2921,4030,4,80,100081,2023-02-14 15:53:45.091855
2876,246,4,93,100099,2023-02-14 15:53:47.650339
2845,8644,4,139,100019,2023-02-14 15:53:50.200665
2942,3196,4,23,100001,2023-02-14 15:53:52.772363
2983,9898,4,102,100095,2023-02-14 15:53:55.321628
2908,8608,4,6,100080,2023-02-14 15:53:57.880272
2938,9140,4,31,100050,2023-02-14 15:54:00.470345
2992,2623,4,36,100006,2023-02-14 15:54:03.029385
2874,10034,4,79,100069,2023-02-14 15:54:05.579435
2897,5183,4,117,100012,2023-02-14 15:54:08.168659
2827,5452,4,61,100086,2023-02-14 15:54:10.718252
2916,5373,4,116,100003,2023-02-14 15:54:13.280372
2867,3287,4,116,100012,2023-02-14 15:54:15.849296
2925,10020,4,70,100048,2023-02-14 15:54:18.429461
2830,11867,4,66,100027,2023-02-14 15:54:21.006151
2868,6224,4,59,100004,2023-02-14 15:54:23.570845
2819,6552,4,21,100093,2023-02-14 15:54:26.121490
2913,7343,4,47,100006,2023-02-14 15:54:28.678986
2985,2411,4,82,100004,2023-02-14 15:54:31.228478
2800,1323,4,82,100080,2023-02-14 15:54:33.805033
2858,5601,4,39,100018,2023-02-14 15:54:36.355688
2914,8172,4,61,100017,2023-02-14 15:54:38.914392
2885,8571,4,94,100066,2023-02-14 15:54:41.490211
2937,8540,4,128,100008,2023-02-14 15:54:44.054570
2858,9814,4,121,100053,2023-02-14 15:54:46.605268
2872,1080,4,39,100042,2023-02-14 15:54:49.191145
2816,11683,4,125,100043,2023-02-14 15:54:51.740410
2835,10576,4,78,100055,2023-02-14 15:54:54.333485
2868,3589,4,50,100058,2023-02-14 15:54:56.921199
2956,9559,4,41,100030,2023-02-14 15:54:59.484257
2908,10242,4,1,100035,2023-02-14 15:55:02.053604
2919,11613,4,68,100084,2023-02-14 15:55:04.615673
2827,7646,4,81,100069,2023-02-14 15:55:07.165486
2946,2958,4,54,100075,2023-02-14 15:55:09.747463
2862,10043,4,4,100050,2023-02-14 15:55:12.298246
2949,6144,4,38,100032,2023-02-14 15:55:14.872562
2857,2609,4,50,100022,2023-02-14 15:55:17.464208
2911,362,4,54,100014,2023-02-14 15:55:20.012752
2908,9663,4,89,100064,2023-02-14 15:55:22.567767
2887,6059,4,28,100000,2023-02-14 15:55:25.117009
2811,11183,4,140,100016,2023-02-14 15:55:27.685642
2920,5651,4,52,100035,2023-02-14 15:55:30.272480
2819,5687,4,52,100035,2023-02-14 15:55:32.829102
2911,4275,4,57,100047,2023-02-14 15:55:35.404806
2861,9706,4,33,100074,2023-02-14 15:55:37.979060
2956,882,4,8,100080,2023-02-14 15:55:40.529505
3000,7992,4,95,100039,2023-02-14 15:55:43.085943
2964,8763,4,24,100056,2023-02-14 15:55:45.660760
2882,9896,4,138,100031,2023-02-14 15:55:48.220561
2881,1106,4,76,100036,2023-02-14 15:55:50.772022
2836,8630,4,52,100016,2023-02-14 15:55:53.353193
2897,7614,4,92,100055,2023-02-14 15:55:55.904359
2858,21,4,25,100003,2023-02-14 15:55:58.465755
2841,11833,4,76,100049,2023-02-14 15:56:01.054689
2811,5545,4,115,100084,2023-02-14 15:56:03.617074
2929,10059,4,11,100100,2023-02-14 15:56:06.193063
2902,1093,4,103,100025,2023-02-14 15:56:08.748001
2985,6067,4,107,100001,2023-02-14 15:56:11.335222
2884,2718,4,109,100069,2023-02-14 15:56:13.898666
2846,9752,4,1,100088,2023-02-14 15:56:16.451317
2887,10519,4,34,100026,2023-02-14 15:56:19.040411
2981,2535,4,58,100048,2023-02-14 15:56:21.595718
2832,9375,4,3,100084,2023-02-14 15:56:24.162678
2845,2415,4,105,100029,2023-02-14 15:56:26.739476
2957,7902,4,7,100086,2023-02-14 15:56:29.300284
2805,7732,4,101,100052,2023-02-14 15:56:31.850789
2875,8062,4,13,100028,2023-02-14 15:56:34.424455
2995,2048,4,123,100024,2023-02-14 15:56:36.998322
2843,1920,4,52,100018,2023-02-14 15:56:39.549872
2858,4780,4,11,100016,2023-02-14 15:56:42.137864
2850,391,4,10,100084,2023-02-14 15:56:44.698276
2968,1383,4,150,100051,2023-02-14 15:56:47.250395
2997,11350,4,83,100061,2023-02-14 15:56:49.837494
2983,3193,4,125,100083,2023-02-14 15:56:52.394951
2956,7770,4,98,100098,2023-02-14 15:56:54.951688
2887,7492,4,134,100020,2023-02-14 15:56:57.543238
2960,5822,4,12,100082,2023-02-14 15:57:00.102001
2808,6160,4,42,100014,2023-02-14 15:57:02.653871
2987,8585,4,120,100013,2023-02-14 15:57:05.231279
2952,43,4,11,100032,2023-02-14 15:57:07.785716
2808,4059,4,24,100096,2023-02-14 15:57:10.344659
2893,7118,4,36,100089,2023-02-14 15:57:12.929242
2862,10266,4,145,100027,2023-02-14 15:57:15.481055
2987,6782,4,115,100039,2023-02-14 15:57:18.036114
2852,2369,4,93,100068,2023-02-14 15:57:20.639336
3000,10730,4,0,100096,2023-02-14 15:57:23.193118
2839,8394,4,2,100069,2023-02-14 15:57:25.768497
2988,10466,4,4,100035,2023-02-14 15:57:28.337985
2814,7251,4,52,100056,2023-02-14 15:57:30.899393
2802,3531,4,7,100070,2023-02-14 15:57:33.481311
2872,7773,4,41,100048,2023-02-14 15:57:36.043079
2897,9720,4,18,100027,2023-02-14 15:57:38.623498
2943,188,4,10,100076,2023-02-14 15:57:41.188811
2914,7550,4,26,100045,2023-02-14 15:57:43.749431
2820,7534,4,122,100054,2023-02-14 15:57:46.339795
2980,404,4,137,100066,2023-02-14 15:57:48.896097
2969,9354,4,149,100100,2023-02-14 15:57:51.455874
2817,10072,4,74,100032,2023-02-14 15:57:54.037037
2904,10627,4,32,100073,2023-02-14 15:57:56.591651
2846,3751,4,11,100008,2023-02-14 15:57:59.145996
2837,2048,4,107,100077,2023-02-14 15:58:01.726705
2812,3158,4,16,100076,2023-02-14 15:58:04.285953
2975,5896,4,130,100027,2023-02-14 15:58:06.841142
2884,11375,4,123,100020,2023-02-14 15:58:09.434879
2960,6613,4,50,100065,2023-02-14 15:58:11.994423
2904,3694,4,143,100016,2023-02-14 15:58:14.547717
2897,379,4,62,100057,2023-02-14 15:58:17.115553
2820,10451,4,127,100090,2023-02-14 15:58:19.669520
2867,3259,4,35,100052,2023-02-14 15:58:22.238669
2952,2546,4,22,100001,2023-02-14 15:58:24.814704
2892,4020,4,16,100033,2023-02-14 15:58:27.378346
2928,9907,4,19,100025,2023-02-14 15:58:29.969822
2813,639,4,60,100009,2023-02-14 15:58:32.523658
2958,3149,4,17,100031,2023-02-14 15:58:35.077546
2864,965,4,49,100038,2023-02-14 15:58:37.641477
2908,2040,4,42,100067,2023-02-14 15:58:40.198283
2858,10411,4,105,100063,2023-02-14 15:58:42.791288
2819,3415,4,27,100072,2023-02-14 15:58:45.349392
2960,10612,4,78,100059,2023-02-14 15:58:47.935324
2864,6069,4,1,100098,2023-02-14 15:58:50.522535
2980,9763,4,123,100078,2023-02-14 15:58:53.084228
2916,2593,4,134,100056,2023-02-14 15:58:55.641407
2945,2217,4,59,100069,2023-02-14 15:58:58.211705
2876,6293,4,30,100071,2023-02-14 15:59:00.769888
2908,2082,4,145,100012,2023-02-14 15:59:03.358387
2936,9839,4,79,100070,2023-02-14 15:59:05.914723
2852,2980,4,96,100056,2023-02-14 15:59:08.483063
2993,4312,4,4,100095,2023-02-14 15:59:11.060925
2932,933,4,87,100027,2023-02-14 15:59:13.617157
2956,9453,4,140,100077,2023-02-14 15:59:16.187075
2924,11752,4,29,100020,2023-02-14 15:59:18.756828
2962,5576,4,67,100000,2023-02-14 15:59:21.319467
2819,8810,4,118,100076,2023-02-14 15:59:23.882773
2854,7514,4,135,100016,2023-02-14 15:59:26.438396
2867,9656,4,66,100089,2023-02-14 15:59:29.001947
2994,7630,4,35,100094,2023-02-14 15:59:31.579737
2890,6516,4,3,100008,2023-02-14 15:59:34.141135
2851,8750,4,81,100036,2023-02-14 15:59:36.697270
2830,3208,4,28,100098,2023-02-14 15:59:39.294329
2980,7398,4,57,100046,2023-02-14 15:59:41.852725
2879,7463,4,69,100053,2023-02-14 15:59:44.455362
2969,1542,4,133,100051,2023-02-14 15:59:47.011059
2940,8863,4,49,100032,2023-02-14 15:59:49.577128
2963,4313,4,103,100030,2023-02-14 15:59:52.133743
2840,9803,4,135,100054,2023-02-14 15:59:54.694510
2980,2663,4,134,100100,2023-02-14 15:59:57.256718
2878,3373,4,8,100097,2023-02-14 15:59:59.841285
2955,5901,4,39,100027,2023-02-14 16:00:02.399918
2958,10410,4,70,100092,2023-02-14 16:00:04.959837
2883,2096,4,147,100072,2023-02-14 16:00:07.536375
2998,10536,4,147,100081,2023-02-14 16:00:10.101611
2843,1115,4,125,100001,2023-02-14 16:00:12.678601
2859,7054,4,68,100092,2023-02-14 16:00:15.243859
2829,6314,4,23,100087,2023-02-14 16:00:17.801162
2940,11725,4,76,100099,2023-02-14 16:00:20.397232
2845,8050,4,66,100058,2023-02-14 16:00:22.957204
2980,4111,4,112,100075,2023-02-14 16:00:25.523121
2838,5406,4,128,100100,2023-02-14 16:00:28.081811
2903,9475,4,70,100053,2023-02-14 16:00:30.659413
2815,10854,4,2,100052,2023-02-14 16:00:33.227822
2837,7448,4,114,100090,2023-02-14 16:00:35.793304
2905,6924,4,118,100014,2023-02-14 16:00:38.355161
2961,11093,4,94,100005,2023-02-14 16:00:40.918570
2949,10144,4,36,100010,2023-02-14 16:00:43.507028
2980,1492,4,44,100041,2023-02-14 16:00:46.092655
2805,11007,4,120,100076,2023-02-14 16:00:48.650917
2843,8034,4,37,100002,2023-02-14 16:00:51.213395
2950,8225,4,34,100013,2023-02-14 16:00:53.794484
2851,9410,4,142,100001,2023-02-14 16:00:56.363969
2874,2246,4,58,100046,2023-02-14 16:00:58.923298
2925,8033,4,89,100057,2023-02-14 16:01:01.516691
2925,6685,4,47,100095,2023-02-14 16:01:04.073367
2858,3908,4,16,100075,2023-02-14 16:01:06.681662
2870,343,4,99,100016,2023-02-14 16:01:09.241852
2941,2299,4,77,100004,2023-02-14 16:01:11.810328
2838,4995,4,119,100028,2023-02-14 16:01:14.396059
2997,4729,4,83,100022,2023-02-14 16:01:16.961910
2802,308,4,140,100000,2023-02-14 16:01:19.535069
2993,4793,4,103,100052,2023-02-14 16:01:22.100967
2846,8395,4,89,100058,2023-02-14 16:01:24.661601
2860,9841,4,25,100047,2023-02-14 16:01:27.227157
2830,9975,4,80,100060,2023-02-14 16:01:29.785271
2930,5366,4,67,100048,2023-02-14 16:01:32.348165
2843,261,4,82,100038,2023-02-14 16:01:34.946621
2903,1309,4,122,100024,2023-02-14 16:01:37.504182
2842,1980,4,56,100052,2023-02-14 16:01:40.061765
2872,8175,4,47,100099,2023-02-14 16:01:42.644875
2910,4196,4,79,100078,2023-02-14 16:01:45.203792
2971,10887,4,24,100100,2023-02-14 16:01:47.792129
2800,8658,4,5,100094,2023-02-14 16:01:50.355853
2831,7569,4,82,100015,2023-02-14 16:01:52.945517
2997,8410,4,38,100021,2023-02-14 16:01:55.524783
2915,8428,4,42,100013,2023-02-14 16:01:58.092427
2817,2287,4,32,100075,2023-02-14 16:02:00.685988
2805,11363,4,131,100007,2023-02-14 16:02:03.248619
2991,11329,4,40,100042,2023-02-14 16:02:05.807852
2877,7415,4,110,100050,2023-02-14 16:02:08.411527
2984,5208,4,31,100067,2023-02-14 16:02:10.968984
2889,2297,4,52,100046,2023-02-14 16:02:13.528715
2964,6711,4,25,100066,2023-02-14 16:02:16.122421
2912,7265,4,102,100041,2023-02-14 16:02:18.688610
2908,9249,4,133,100024,2023-02-14 16:02:21.247268
2857,2062,4,124,100025,2023-02-14 16:02:23.847227
2831,6607,4,42,100028,2023-02-14 16:02:26.409228
2987,7202,4,74,100069,2023-02-14 16:02:28.974270
2859,4958,4,124,100001,2023-02-14 16:02:31.574710
2882,5804,4,121,100039,2023-02-14 16:02:34.132098
2972,1201,4,91,100021,2023-02-14 16:02:36.690878
2891,6598,4,150,100099,2023-02-14 16:02:39.292925
2817,890,4,94,100087,2023-02-14 16:02:41.850810
2891,10875,4,148,100051,2023-02-14 16:02:44.415414
2880,5010,4,55,100033,2023-02-14 16:02:47.008025
2887,5978,4,66,100061,2023-02-14 16:02:49.567228
2852,260,4,24,100042,2023-02-14 16:02:52.127235
2826,1447,4,119,100043,2023-02-14 16:02:54.735179
2850,3040,4,135,100055,2023-02-14 16:02:57.293424
2847,6458,4,36,100045,2023-02-14 16:02:59.862499
2900,9010,4,106,100038,2023-02-14 16:03:02.453331
2886,707,4,102,100051,2023-02-14 16:03:05.044773
2810,837,4,141,100012,2023-02-14 16:03:07.621930
2950,9868,4,144,100021,2023-02-14 16:03:10.190275
2991,7635,4,75,100044,2023-02-14 16:03:12.750212
2863,4108,4,59,100071,2023-02-14 16:03:15.340294
2832,11812,4,23,100093,2023-02-14 16:03:17.899594
2957,6915,4,125,100007,2023-02-14 16:03:20.466237
2809,11943,4,10,100064,2023-02-14 16:03:23.052587
2820,8882,4,66,100071,2023-02-14 16:03:25.616167
2891,7867,4,112,100065,2023-02-14 16:03:28.203666
2803,507,4,118,100089,2023-02-14 16:03:30.813087
2963,3182,4,1,100080,2023-02-14 16:03:33.374572
2819,7034,4,39,100016,2023-02-14 16:03:35.968577
2990,8725,4,68,100095,2023-02-14 16:03:38.532461
2821,2101,4,32,100008,2023-02-14 16:03:41.101421
2888,6866,4,110,100051,2023-02-14 16:03:43.689618
2870,9098,4,83,100044,2023-02-14 16:03:46.253092
2863,1487,4,115,100058,2023-02-14 16:03:48.845172
2984,6582,4,103,100024,2023-02-14 16:03:51.441613
2810,4153,4,54,100030,2023-02-14 16:03:54.002302
2905,10109,4,125,100025,2023-02-14 16:03:56.570882
2834,2753,4,137,100048,2023-02-14 16:03:59.139289
2908,830,4,79,100002,2023-02-14 16:04:01.707746
2818,741,4,109,100092,2023-02-14 16:04:04.293879
2876,11802,4,1,100072,2023-02-14 16:04:06.860217
2925,7318,4,114,100075,2023-02-14 16:04:09.427399
2886,5098,4,16,100063,2023-02-14 16:04:12.033980
2805,5921,4,14,100043,2023-02-14 16:04:14.596579
2849,3491,4,1,100024,2023-02-14 16:04:17.181688
2931,8682,4,65,100077,2023-02-14 16:04:19.746419
2863,6450,4,86,100050,2023-02-14 16:04:22.359477
2801,8595,4,45,100060,2023-02-14 16:04:24.922533
2819,5451,4,37,100052,2023-02-14 16:04:27.482866
2969,905,4,23,100039,2023-02-14 16:04:30.076271
2860,2134,4,10,100014,2023-02-14 16:04:32.644988
2972,6692,4,135,100019,2023-02-14 16:04:35.208681
2963,4355,4,1,100085,2023-02-14 16:04:37.823976
2892,11733,4,119,100039,2023-02-14 16:04:40.384198
2813,374,4,95,100068,2023-02-14 16:04:42.951083
2861,8970,4,0,100055,2023-02-14 16:04:45.542998
2961,8363,4,34,100005,2023-02-14 16:04:48.111354
2834,11862,4,144,100090,2023-02-14 16:04:50.671583
2858,2290,4,47,100092,2023-02-14 16:04:53.273222
2984,5461,4,13,100016,2023-02-14 16:04:55.834078
2905,6226,4,88,100095,2023-02-14 16:04:58.423826
2817,2627,4,98,100070,2023-02-14 16:05:00.984561
2956,9579,4,105,100012,2023-02-14 16:05:03.545353
